run_dir,run_name,case,task_id,prompt,seed,generated,reference,psnr,ssim,one_minus_lpips,hpsv3_score
/home/chenyy/WORK/cyy/ChituDiffusion/ChituBench/results/flux2_klein_attention/flux2_klein_attn_50step_20260613_130859/chitubench-flux2-attn-flash-20260613_130859-origin_flash,chitubench-flux2-attn-flash-20260613_130859-origin_flash,origin_flash,origin_flash_glass_orchid_seed42,"A translucent glass orchid sculpture on a wet black stone table, studio macro photography, sharp caustic light, rich reflections.",42,/home/chenyy/WORK/cyy/ChituDiffusion/ChituBench/results/flux2_klein_attention/flux2_klein_attn_50step_20260613_130859/chitubench-flux2-attn-flash-20260613_130859-origin_flash/results/origin_flash_glass_orchid_seed42/A_translucent_glass__origin_flash_glass_orchid_seed42.png,/home/chenyy/WORK/cyy/ChituDiffusion/ChituBench/results/flux2_klein_attention/flux2_klein_attn_50step_20260613_130859/chitubench-flux2-attn-flash-20260613_130859-origin_flash/results/origin_flash_glass_orchid_seed42/A_translucent_glass__origin_flash_glass_orchid_seed42.png,inf,1.0,1.0,9.292411804199219
/home/chenyy/WORK/cyy/ChituDiffusion/ChituBench/results/flux2_klein_attention/flux2_klein_attn_50step_20260613_130859/chitubench-flux2-attn-flash-20260613_130859-origin_flash,chitubench-flux2-attn-flash-20260613_130859-origin_flash,origin_flash,origin_flash_glass_orchid_seed43,"A translucent glass orchid sculpture on a wet black stone table, studio macro photography, sharp caustic light, rich reflections.",43,/home/chenyy/WORK/cyy/ChituDiffusion/ChituBench/results/flux2_klein_attention/flux2_klein_attn_50step_20260613_130859/chitubench-flux2-attn-flash-20260613_130859-origin_flash/results/origin_flash_glass_orchid_seed43/A_translucent_glass__origin_flash_glass_orchid_seed43.png,/home/chenyy/WORK/cyy/ChituDiffusion/ChituBench/results/flux2_klein_attention/flux2_klein_attn_50step_20260613_130859/chitubench-flux2-attn-flash-20260613_130859-origin_flash/results/origin_flash_glass_orchid_seed43/A_translucent_glass__origin_flash_glass_orchid_seed43.png,inf,1.0,1.0,9.620331764221191
/home/chenyy/WORK/cyy/ChituDiffusion/ChituBench/results/flux2_klein_attention/flux2_klein_attn_50step_20260613_130859/chitubench-flux2-attn-flash-20260613_130859-origin_flash,chitubench-flux2-attn-flash-20260613_130859-origin_flash,origin_flash,origin_flash_glass_orchid_seed44,"A translucent glass orchid sculpture on a wet black stone table, studio macro photography, sharp caustic light, rich reflections.",44,/home/chenyy/WORK/cyy/ChituDiffusion/ChituBench/results/flux2_klein_attention/flux2_klein_attn_50step_20260613_130859/chitubench-flux2-attn-flash-20260613_130859-origin_flash/results/origin_flash_glass_orchid_seed44/A_translucent_glass__origin_flash_glass_orchid_seed44.png,/home/chenyy/WORK/cyy/ChituDiffusion/ChituBench/results/flux2_klein_attention/flux2_klein_attn_50step_20260613_130859/chitubench-flux2-attn-flash-20260613_130859-origin_flash/results/origin_flash_glass_orchid_seed44/A_translucent_glass__origin_flash_glass_orchid_seed44.png,inf,1.0,1.0,10.241422653198242
/home/chenyy/WORK/cyy/ChituDiffusion/ChituBench/results/flux2_klein_attention/flux2_klein_attn_50step_20260613_130859/chitubench-flux2-attn-flash-20260613_130859-origin_flash,chitubench-flux2-attn-flash-20260613_130859-origin_flash,origin_flash,origin_flash_night_bakery_seed42,"A cozy neon-lit bakery at midnight with a window sign that says CHITU, warm pastries, rainy street reflections, cinematic realism.",42,/home/chenyy/WORK/cyy/ChituDiffusion/ChituBench/results/flux2_klein_attention/flux2_klein_attn_50step_20260613_130859/chitubench-flux2-attn-flash-20260613_130859-origin_flash/results/origin_flash_night_bakery_seed42/A_cozy_neon-lit_bake_origin_flash_night_bakery_seed42.png,/home/chenyy/WORK/cyy/ChituDiffusion/ChituBench/results/flux2_klein_attention/flux2_klein_attn_50step_20260613_130859/chitubench-flux2-attn-flash-20260613_130859-origin_flash/results/origin_flash_night_bakery_seed42/A_cozy_neon-lit_bake_origin_flash_night_bakery_seed42.png,inf,1.0,1.0,15.39564037322998
/home/chenyy/WORK/cyy/ChituDiffusion/ChituBench/results/flux2_klein_attention/flux2_klein_attn_50step_20260613_130859/chitubench-flux2-attn-flash-20260613_130859-origin_flash,chitubench-flux2-attn-flash-20260613_130859-origin_flash,origin_flash,origin_flash_night_bakery_seed43,"A cozy neon-lit bakery at midnight with a window sign that says CHITU, warm pastries, rainy street reflections, cinematic realism.",43,/home/chenyy/WORK/cyy/ChituDiffusion/ChituBench/results/flux2_klein_attention/flux2_klein_attn_50step_20260613_130859/chitubench-flux2-attn-flash-20260613_130859-origin_flash/results/origin_flash_night_bakery_seed43/A_cozy_neon-lit_bake_origin_flash_night_bakery_seed43.png,/home/chenyy/WORK/cyy/ChituDiffusion/ChituBench/results/flux2_klein_attention/flux2_klein_attn_50step_20260613_130859/chitubench-flux2-attn-flash-20260613_130859-origin_flash/results/origin_flash_night_bakery_seed43/A_cozy_neon-lit_bake_origin_flash_night_bakery_seed43.png,inf,1.0,1.0,15.519085884094238
/home/chenyy/WORK/cyy/ChituDiffusion/ChituBench/results/flux2_klein_attention/flux2_klein_attn_50step_20260613_130859/chitubench-flux2-attn-flash-20260613_130859-origin_flash,chitubench-flux2-attn-flash-20260613_130859-origin_flash,origin_flash,origin_flash_night_bakery_seed44,"A cozy neon-lit bakery at midnight with a window sign that says CHITU, warm pastries, rainy street reflections, cinematic realism.",44,/home/chenyy/WORK/cyy/ChituDiffusion/ChituBench/results/flux2_klein_attention/flux2_klein_attn_50step_20260613_130859/chitubench-flux2-attn-flash-20260613_130859-origin_flash/results/origin_flash_night_bakery_seed44/A_cozy_neon-lit_bake_origin_flash_night_bakery_seed44.png,/home/chenyy/WORK/cyy/ChituDiffusion/ChituBench/results/flux2_klein_attention/flux2_klein_attn_50step_20260613_130859/chitubench-flux2-attn-flash-20260613_130859-origin_flash/results/origin_flash_night_bakery_seed44/A_cozy_neon-lit_bake_origin_flash_night_bakery_seed44.png,inf,1.0,1.0,15.532176971435547
/home/chenyy/WORK/cyy/ChituDiffusion/ChituBench/results/flux2_klein_attention/flux2_klein_attn_50step_20260613_130859/chitubench-flux2-attn-flash-20260613_130859-origin_flash,chitubench-flux2-attn-flash-20260613_130859-origin_flash,origin_flash,origin_flash_astronaut_kite_seed42,"A small astronaut flying a red kite on a grassy hill under a huge pastel planet, whimsical detailed illustration, soft clouds.",42,/home/chenyy/WORK/cyy/ChituDiffusion/ChituBench/results/flux2_klein_attention/flux2_klein_attn_50step_20260613_130859/chitubench-flux2-attn-flash-20260613_130859-origin_flash/results/origin_flash_astronaut_kite_seed42/A_small_astronaut_fl_origin_flash_astronaut_kite_seed42.png,/home/chenyy/WORK/cyy/ChituDiffusion/ChituBench/results/flux2_klein_attention/flux2_klein_attn_50step_20260613_130859/chitubench-flux2-attn-flash-20260613_130859-origin_flash/results/origin_flash_astronaut_kite_seed42/A_small_astronaut_fl_origin_flash_astronaut_kite_seed42.png,inf,1.0,1.0,11.427329063415527
/home/chenyy/WORK/cyy/ChituDiffusion/ChituBench/results/flux2_klein_attention/flux2_klein_attn_50step_20260613_130859/chitubench-flux2-attn-flash-20260613_130859-origin_flash,chitubench-flux2-attn-flash-20260613_130859-origin_flash,origin_flash,origin_flash_astronaut_kite_seed43,"A small astronaut flying a red kite on a grassy hill under a huge pastel planet, whimsical detailed illustration, soft clouds.",43,/home/chenyy/WORK/cyy/ChituDiffusion/ChituBench/results/flux2_klein_attention/flux2_klein_attn_50step_20260613_130859/chitubench-flux2-attn-flash-20260613_130859-origin_flash/results/origin_flash_astronaut_kite_seed43/A_small_astronaut_fl_origin_flash_astronaut_kite_seed43.png,/home/chenyy/WORK/cyy/ChituDiffusion/ChituBench/results/flux2_klein_attention/flux2_klein_attn_50step_20260613_130859/chitubench-flux2-attn-flash-20260613_130859-origin_flash/results/origin_flash_astronaut_kite_seed43/A_small_astronaut_fl_origin_flash_astronaut_kite_seed43.png,inf,1.0,1.0,11.09880542755127
/home/chenyy/WORK/cyy/ChituDiffusion/ChituBench/results/flux2_klein_attention/flux2_klein_attn_50step_20260613_130859/chitubench-flux2-attn-flash-20260613_130859-origin_flash,chitubench-flux2-attn-flash-20260613_130859-origin_flash,origin_flash,origin_flash_astronaut_kite_seed44,"A small astronaut flying a red kite on a grassy hill under a huge pastel planet, whimsical detailed illustration, soft clouds.",44,/home/chenyy/WORK/cyy/ChituDiffusion/ChituBench/results/flux2_klein_attention/flux2_klein_attn_50step_20260613_130859/chitubench-flux2-attn-flash-20260613_130859-origin_flash/results/origin_flash_astronaut_kite_seed44/A_small_astronaut_fl_origin_flash_astronaut_kite_seed44.png,/home/chenyy/WORK/cyy/ChituDiffusion/ChituBench/results/flux2_klein_attention/flux2_klein_attn_50step_20260613_130859/chitubench-flux2-attn-flash-20260613_130859-origin_flash/results/origin_flash_astronaut_kite_seed44/A_small_astronaut_fl_origin_flash_astronaut_kite_seed44.png,inf,1.0,1.0,12.252431869506836
/home/chenyy/WORK/cyy/ChituDiffusion/ChituBench/results/flux2_klein_attention/flux2_klein_attn_50step_20260613_130859/chitubench-flux2-attn-sage-20260613_131918-sage,chitubench-flux2-attn-sage-20260613_131918-sage,sage,sage_glass_orchid_seed42,"A translucent glass orchid sculpture on a wet black stone table, studio macro photography, sharp caustic light, rich reflections.",42,/home/chenyy/WORK/cyy/ChituDiffusion/ChituBench/results/flux2_klein_attention/flux2_klein_attn_50step_20260613_130859/chitubench-flux2-attn-sage-20260613_131918-sage/results/sage_glass_orchid_seed42/A_translucent_glass__sage_glass_orchid_seed42.png,/home/chenyy/WORK/cyy/ChituDiffusion/ChituBench/results/flux2_klein_attention/flux2_klein_attn_50step_20260613_130859/chitubench-flux2-attn-flash-20260613_130859-origin_flash/results/origin_flash_glass_orchid_seed42/A_translucent_glass__origin_flash_glass_orchid_seed42.png,25.067644193653166,0.9376581311225891,0.9440797716379166,9.505281448364258
/home/chenyy/WORK/cyy/ChituDiffusion/ChituBench/results/flux2_klein_attention/flux2_klein_attn_50step_20260613_130859/chitubench-flux2-attn-sage-20260613_131918-sage,chitubench-flux2-attn-sage-20260613_131918-sage,sage,sage_glass_orchid_seed43,"A translucent glass orchid sculpture on a wet black stone table, studio macro photography, sharp caustic light, rich reflections.",43,/home/chenyy/WORK/cyy/ChituDiffusion/ChituBench/results/flux2_klein_attention/flux2_klein_attn_50step_20260613_130859/chitubench-flux2-attn-sage-20260613_131918-sage/results/sage_glass_orchid_seed43/A_translucent_glass__sage_glass_orchid_seed43.png,/home/chenyy/WORK/cyy/ChituDiffusion/ChituBench/results/flux2_klein_attention/flux2_klein_attn_50step_20260613_130859/chitubench-flux2-attn-flash-20260613_130859-origin_flash/results/origin_flash_glass_orchid_seed43/A_translucent_glass__origin_flash_glass_orchid_seed43.png,22.183789598240224,0.9328687191009521,0.9306766241788864,9.502509117126465
/home/chenyy/WORK/cyy/ChituDiffusion/ChituBench/results/flux2_klein_attention/flux2_klein_attn_50step_20260613_130859/chitubench-flux2-attn-sage-20260613_131918-sage,chitubench-flux2-attn-sage-20260613_131918-sage,sage,sage_glass_orchid_seed44,"A translucent glass orchid sculpture on a wet black stone table, studio macro photography, sharp caustic light, rich reflections.",44,/home/chenyy/WORK/cyy/ChituDiffusion/ChituBench/results/flux2_klein_attention/flux2_klein_attn_50step_20260613_130859/chitubench-flux2-attn-sage-20260613_131918-sage/results/sage_glass_orchid_seed44/A_translucent_glass__sage_glass_orchid_seed44.png,/home/chenyy/WORK/cyy/ChituDiffusion/ChituBench/results/flux2_klein_attention/flux2_klein_attn_50step_20260613_130859/chitubench-flux2-attn-flash-20260613_130859-origin_flash/results/origin_flash_glass_orchid_seed44/A_translucent_glass__origin_flash_glass_orchid_seed44.png,29.279255323171522,0.9818586707115173,0.985735671594739,10.495412826538086
/home/chenyy/WORK/cyy/ChituDiffusion/ChituBench/results/flux2_klein_attention/flux2_klein_attn_50step_20260613_130859/chitubench-flux2-attn-sage-20260613_131918-sage,chitubench-flux2-attn-sage-20260613_131918-sage,sage,sage_night_bakery_seed42,"A cozy neon-lit bakery at midnight with a window sign that says CHITU, warm pastries, rainy street reflections, cinematic realism.",42,/home/chenyy/WORK/cyy/ChituDiffusion/ChituBench/results/flux2_klein_attention/flux2_klein_attn_50step_20260613_130859/chitubench-flux2-attn-sage-20260613_131918-sage/results/sage_night_bakery_seed42/A_cozy_neon-lit_bake_sage_night_bakery_seed42.png,/home/chenyy/WORK/cyy/ChituDiffusion/ChituBench/results/flux2_klein_attention/flux2_klein_attn_50step_20260613_130859/chitubench-flux2-attn-flash-20260613_130859-origin_flash/results/origin_flash_night_bakery_seed42/A_cozy_neon-lit_bake_origin_flash_night_bakery_seed42.png,31.559044234523043,0.9789150357246399,0.9911127546802163,15.172784805297852
/home/chenyy/WORK/cyy/ChituDiffusion/ChituBench/results/flux2_klein_attention/flux2_klein_attn_50step_20260613_130859/chitubench-flux2-attn-sage-20260613_131918-sage,chitubench-flux2-attn-sage-20260613_131918-sage,sage,sage_night_bakery_seed43,"A cozy neon-lit bakery at midnight with a window sign that says CHITU, warm pastries, rainy street reflections, cinematic realism.",43,/home/chenyy/WORK/cyy/ChituDiffusion/ChituBench/results/flux2_klein_attention/flux2_klein_attn_50step_20260613_130859/chitubench-flux2-attn-sage-20260613_131918-sage/results/sage_night_bakery_seed43/A_cozy_neon-lit_bake_sage_night_bakery_seed43.png,/home/chenyy/WORK/cyy/ChituDiffusion/ChituBench/results/flux2_klein_attention/flux2_klein_attn_50step_20260613_130859/chitubench-flux2-attn-flash-20260613_130859-origin_flash/results/origin_flash_night_bakery_seed43/A_cozy_neon-lit_bake_origin_flash_night_bakery_seed43.png,26.610178319376416,0.9531841278076172,0.975862804800272,15.334151268005371
/home/chenyy/WORK/cyy/ChituDiffusion/ChituBench/results/flux2_klein_attention/flux2_klein_attn_50step_20260613_130859/chitubench-flux2-attn-sage-20260613_131918-sage,chitubench-flux2-attn-sage-20260613_131918-sage,sage,sage_night_bakery_seed44,"A cozy neon-lit bakery at midnight with a window sign that says CHITU, warm pastries, rainy street reflections, cinematic realism.",44,/home/chenyy/WORK/cyy/ChituDiffusion/ChituBench/results/flux2_klein_attention/flux2_klein_attn_50step_20260613_130859/chitubench-flux2-attn-sage-20260613_131918-sage/results/sage_night_bakery_seed44/A_cozy_neon-lit_bake_sage_night_bakery_seed44.png,/home/chenyy/WORK/cyy/ChituDiffusion/ChituBench/results/flux2_klein_attention/flux2_klein_attn_50step_20260613_130859/chitubench-flux2-attn-flash-20260613_130859-origin_flash/results/origin_flash_night_bakery_seed44/A_cozy_neon-lit_bake_origin_flash_night_bakery_seed44.png,30.025328392601764,0.9724542498588562,0.984809317626059,15.502456665039062
/home/chenyy/WORK/cyy/ChituDiffusion/ChituBench/results/flux2_klein_attention/flux2_klein_attn_50step_20260613_130859/chitubench-flux2-attn-sage-20260613_131918-sage,chitubench-flux2-attn-sage-20260613_131918-sage,sage,sage_astronaut_kite_seed42,"A small astronaut flying a red kite on a grassy hill under a huge pastel planet, whimsical detailed illustration, soft clouds.",42,/home/chenyy/WORK/cyy/ChituDiffusion/ChituBench/results/flux2_klein_attention/flux2_klein_attn_50step_20260613_130859/chitubench-flux2-attn-sage-20260613_131918-sage/results/sage_astronaut_kite_seed42/A_small_astronaut_fl_sage_astronaut_kite_seed42.png,/home/chenyy/WORK/cyy/ChituDiffusion/ChituBench/results/flux2_klein_attention/flux2_klein_attn_50step_20260613_130859/chitubench-flux2-attn-flash-20260613_130859-origin_flash/results/origin_flash_astronaut_kite_seed42/A_small_astronaut_fl_origin_flash_astronaut_kite_seed42.png,30.528379727828888,0.9852078557014465,0.9857134446501732,11.134564399719238
/home/chenyy/WORK/cyy/ChituDiffusion/ChituBench/results/flux2_klein_attention/flux2_klein_attn_50step_20260613_130859/chitubench-flux2-attn-sage-20260613_131918-sage,chitubench-flux2-attn-sage-20260613_131918-sage,sage,sage_astronaut_kite_seed43,"A small astronaut flying a red kite on a grassy hill under a huge pastel planet, whimsical detailed illustration, soft clouds.",43,/home/chenyy/WORK/cyy/ChituDiffusion/ChituBench/results/flux2_klein_attention/flux2_klein_attn_50step_20260613_130859/chitubench-flux2-attn-sage-20260613_131918-sage/results/sage_astronaut_kite_seed43/A_small_astronaut_fl_sage_astronaut_kite_seed43.png,/home/chenyy/WORK/cyy/ChituDiffusion/ChituBench/results/flux2_klein_attention/flux2_klein_attn_50step_20260613_130859/chitubench-flux2-attn-flash-20260613_130859-origin_flash/results/origin_flash_astronaut_kite_seed43/A_small_astronaut_fl_origin_flash_astronaut_kite_seed43.png,35.8201469928,0.982336699962616,0.990253284573555,11.451423645019531
/home/chenyy/WORK/cyy/ChituDiffusion/ChituBench/results/flux2_klein_attention/flux2_klein_attn_50step_20260613_130859/chitubench-flux2-attn-sage-20260613_131918-sage,chitubench-flux2-attn-sage-20260613_131918-sage,sage,sage_astronaut_kite_seed44,"A small astronaut flying a red kite on a grassy hill under a huge pastel planet, whimsical detailed illustration, soft clouds.",44,/home/chenyy/WORK/cyy/ChituDiffusion/ChituBench/results/flux2_klein_attention/flux2_klein_attn_50step_20260613_130859/chitubench-flux2-attn-sage-20260613_131918-sage/results/sage_astronaut_kite_seed44/A_small_astronaut_fl_sage_astronaut_kite_seed44.png,/home/chenyy/WORK/cyy/ChituDiffusion/ChituBench/results/flux2_klein_attention/flux2_klein_attn_50step_20260613_130859/chitubench-flux2-attn-flash-20260613_130859-origin_flash/results/origin_flash_astronaut_kite_seed44/A_small_astronaut_fl_origin_flash_astronaut_kite_seed44.png,35.210878978122615,0.9850678443908691,0.986577345058322,12.223505020141602
/home/chenyy/WORK/cyy/ChituDiffusion/ChituBench/results/flux2_klein_attention/flux2_klein_attn_50step_20260613_130859/chitubench-flux2-attn-sparge-20260613_132208-sparge,chitubench-flux2-attn-sparge-20260613_132208-sparge,sparge,sparge_glass_orchid_seed42,"A translucent glass orchid sculpture on a wet black stone table, studio macro photography, sharp caustic light, rich reflections.",42,/home/chenyy/WORK/cyy/ChituDiffusion/ChituBench/results/flux2_klein_attention/flux2_klein_attn_50step_20260613_130859/chitubench-flux2-attn-sparge-20260613_132208-sparge/results/sparge_glass_orchid_seed42/A_translucent_glass__sparge_glass_orchid_seed42.png,/home/chenyy/WORK/cyy/ChituDiffusion/ChituBench/results/flux2_klein_attention/flux2_klein_attn_50step_20260613_130859/chitubench-flux2-attn-flash-20260613_130859-origin_flash/results/origin_flash_glass_orchid_seed42/A_translucent_glass__origin_flash_glass_orchid_seed42.png,15.612550511310017,0.5982670783996582,0.5688536763191223,10.692885398864746
/home/chenyy/WORK/cyy/ChituDiffusion/ChituBench/results/flux2_klein_attention/flux2_klein_attn_50step_20260613_130859/chitubench-flux2-attn-sparge-20260613_132208-sparge,chitubench-flux2-attn-sparge-20260613_132208-sparge,sparge,sparge_glass_orchid_seed43,"A translucent glass orchid sculpture on a wet black stone table, studio macro photography, sharp caustic light, rich reflections.",43,/home/chenyy/WORK/cyy/ChituDiffusion/ChituBench/results/flux2_klein_attention/flux2_klein_attn_50step_20260613_130859/chitubench-flux2-attn-sparge-20260613_132208-sparge/results/sparge_glass_orchid_seed43/A_translucent_glass__sparge_glass_orchid_seed43.png,/home/chenyy/WORK/cyy/ChituDiffusion/ChituBench/results/flux2_klein_attention/flux2_klein_attn_50step_20260613_130859/chitubench-flux2-attn-flash-20260613_130859-origin_flash/results/origin_flash_glass_orchid_seed43/A_translucent_glass__origin_flash_glass_orchid_seed43.png,13.753655398401104,0.4181780517101288,0.6140237152576447,7.603350639343262
/home/chenyy/WORK/cyy/ChituDiffusion/ChituBench/results/flux2_klein_attention/flux2_klein_attn_50step_20260613_130859/chitubench-flux2-attn-sparge-20260613_132208-sparge,chitubench-flux2-attn-sparge-20260613_132208-sparge,sparge,sparge_glass_orchid_seed44,"A translucent glass orchid sculpture on a wet black stone table, studio macro photography, sharp caustic light, rich reflections.",44,/home/chenyy/WORK/cyy/ChituDiffusion/ChituBench/results/flux2_klein_attention/flux2_klein_attn_50step_20260613_130859/chitubench-flux2-attn-sparge-20260613_132208-sparge/results/sparge_glass_orchid_seed44/A_translucent_glass__sparge_glass_orchid_seed44.png,/home/chenyy/WORK/cyy/ChituDiffusion/ChituBench/results/flux2_klein_attention/flux2_klein_attn_50step_20260613_130859/chitubench-flux2-attn-flash-20260613_130859-origin_flash/results/origin_flash_glass_orchid_seed44/A_translucent_glass__origin_flash_glass_orchid_seed44.png,15.169286762030158,0.6815407872200012,0.6854989528656006,10.378034591674805
/home/chenyy/WORK/cyy/ChituDiffusion/ChituBench/results/flux2_klein_attention/flux2_klein_attn_50step_20260613_130859/chitubench-flux2-attn-sparge-20260613_132208-sparge,chitubench-flux2-attn-sparge-20260613_132208-sparge,sparge,sparge_night_bakery_seed42,"A cozy neon-lit bakery at midnight with a window sign that says CHITU, warm pastries, rainy street reflections, cinematic realism.",42,/home/chenyy/WORK/cyy/ChituDiffusion/ChituBench/results/flux2_klein_attention/flux2_klein_attn_50step_20260613_130859/chitubench-flux2-attn-sparge-20260613_132208-sparge/results/sparge_night_bakery_seed42/A_cozy_neon-lit_bake_sparge_night_bakery_seed42.png,/home/chenyy/WORK/cyy/ChituDiffusion/ChituBench/results/flux2_klein_attention/flux2_klein_attn_50step_20260613_130859/chitubench-flux2-attn-flash-20260613_130859-origin_flash/results/origin_flash_night_bakery_seed42/A_cozy_neon-lit_bake_origin_flash_night_bakery_seed42.png,15.816815687811339,0.6141657829284668,0.7642575949430466,15.182915687561035
/home/chenyy/WORK/cyy/ChituDiffusion/ChituBench/results/flux2_klein_attention/flux2_klein_attn_50step_20260613_130859/chitubench-flux2-attn-sparge-20260613_132208-sparge,chitubench-flux2-attn-sparge-20260613_132208-sparge,sparge,sparge_night_bakery_seed43,"A cozy neon-lit bakery at midnight with a window sign that says CHITU, warm pastries, rainy street reflections, cinematic realism.",43,/home/chenyy/WORK/cyy/ChituDiffusion/ChituBench/results/flux2_klein_attention/flux2_klein_attn_50step_20260613_130859/chitubench-flux2-attn-sparge-20260613_132208-sparge/results/sparge_night_bakery_seed43/A_cozy_neon-lit_bake_sparge_night_bakery_seed43.png,/home/chenyy/WORK/cyy/ChituDiffusion/ChituBench/results/flux2_klein_attention/flux2_klein_attn_50step_20260613_130859/chitubench-flux2-attn-flash-20260613_130859-origin_flash/results/origin_flash_night_bakery_seed43/A_cozy_neon-lit_bake_origin_flash_night_bakery_seed43.png,16.031286914721882,0.6238495707511902,0.7667900919914246,14.843711853027344
/home/chenyy/WORK/cyy/ChituDiffusion/ChituBench/results/flux2_klein_attention/flux2_klein_attn_50step_20260613_130859/chitubench-flux2-attn-sparge-20260613_132208-sparge,chitubench-flux2-attn-sparge-20260613_132208-sparge,sparge,sparge_night_bakery_seed44,"A cozy neon-lit bakery at midnight with a window sign that says CHITU, warm pastries, rainy street reflections, cinematic realism.",44,/home/chenyy/WORK/cyy/ChituDiffusion/ChituBench/results/flux2_klein_attention/flux2_klein_attn_50step_20260613_130859/chitubench-flux2-attn-sparge-20260613_132208-sparge/results/sparge_night_bakery_seed44/A_cozy_neon-lit_bake_sparge_night_bakery_seed44.png,/home/chenyy/WORK/cyy/ChituDiffusion/ChituBench/results/flux2_klein_attention/flux2_klein_attn_50step_20260613_130859/chitubench-flux2-attn-flash-20260613_130859-origin_flash/results/origin_flash_night_bakery_seed44/A_cozy_neon-lit_bake_origin_flash_night_bakery_seed44.png,16.592995062649408,0.6087518930435181,0.7656054794788361,15.522683143615723
/home/chenyy/WORK/cyy/ChituDiffusion/ChituBench/results/flux2_klein_attention/flux2_klein_attn_50step_20260613_130859/chitubench-flux2-attn-sparge-20260613_132208-sparge,chitubench-flux2-attn-sparge-20260613_132208-sparge,sparge,sparge_astronaut_kite_seed42,"A small astronaut flying a red kite on a grassy hill under a huge pastel planet, whimsical detailed illustration, soft clouds.",42,/home/chenyy/WORK/cyy/ChituDiffusion/ChituBench/results/flux2_klein_attention/flux2_klein_attn_50step_20260613_130859/chitubench-flux2-attn-sparge-20260613_132208-sparge/results/sparge_astronaut_kite_seed42/A_small_astronaut_fl_sparge_astronaut_kite_seed42.png,/home/chenyy/WORK/cyy/ChituDiffusion/ChituBench/results/flux2_klein_attention/flux2_klein_attn_50step_20260613_130859/chitubench-flux2-attn-flash-20260613_130859-origin_flash/results/origin_flash_astronaut_kite_seed42/A_small_astronaut_fl_origin_flash_astronaut_kite_seed42.png,16.602947247727116,0.7753145098686218,0.6710715293884277,10.181905746459961
/home/chenyy/WORK/cyy/ChituDiffusion/ChituBench/results/flux2_klein_attention/flux2_klein_attn_50step_20260613_130859/chitubench-flux2-attn-sparge-20260613_132208-sparge,chitubench-flux2-attn-sparge-20260613_132208-sparge,sparge,sparge_astronaut_kite_seed43,"A small astronaut flying a red kite on a grassy hill under a huge pastel planet, whimsical detailed illustration, soft clouds.",43,/home/chenyy/WORK/cyy/ChituDiffusion/ChituBench/results/flux2_klein_attention/flux2_klein_attn_50step_20260613_130859/chitubench-flux2-attn-sparge-20260613_132208-sparge/results/sparge_astronaut_kite_seed43/A_small_astronaut_fl_sparge_astronaut_kite_seed43.png,/home/chenyy/WORK/cyy/ChituDiffusion/ChituBench/results/flux2_klein_attention/flux2_klein_attn_50step_20260613_130859/chitubench-flux2-attn-flash-20260613_130859-origin_flash/results/origin_flash_astronaut_kite_seed43/A_small_astronaut_fl_origin_flash_astronaut_kite_seed43.png,18.18502642567237,0.7990831732749939,0.8104441910982132,10.747750282287598
/home/chenyy/WORK/cyy/ChituDiffusion/ChituBench/results/flux2_klein_attention/flux2_klein_attn_50step_20260613_130859/chitubench-flux2-attn-sparge-20260613_132208-sparge,chitubench-flux2-attn-sparge-20260613_132208-sparge,sparge,sparge_astronaut_kite_seed44,"A small astronaut flying a red kite on a grassy hill under a huge pastel planet, whimsical detailed illustration, soft clouds.",44,/home/chenyy/WORK/cyy/ChituDiffusion/ChituBench/results/flux2_klein_attention/flux2_klein_attn_50step_20260613_130859/chitubench-flux2-attn-sparge-20260613_132208-sparge/results/sparge_astronaut_kite_seed44/A_small_astronaut_fl_sparge_astronaut_kite_seed44.png,/home/chenyy/WORK/cyy/ChituDiffusion/ChituBench/results/flux2_klein_attention/flux2_klein_attn_50step_20260613_130859/chitubench-flux2-attn-flash-20260613_130859-origin_flash/results/origin_flash_astronaut_kite_seed44/A_small_astronaut_fl_origin_flash_astronaut_kite_seed44.png,15.677803766244125,0.7708129286766052,0.5903345346450806,10.522825241088867
/home/chenyy/WORK/cyy/ChituDiffusion/ChituBench/results/flux2_klein_attention/flux2_klein_attn_50step_20260613_130859/chitubench-flux2-attn-torch-sdpa-math-20260613_131212-torch_sdpa_math,chitubench-flux2-attn-torch-sdpa-math-20260613_131212-torch_sdpa_math,torch_sdpa_math,torch_sdpa_math_glass_orchid_seed42,"A translucent glass orchid sculpture on a wet black stone table, studio macro photography, sharp caustic light, rich reflections.",42,/home/chenyy/WORK/cyy/ChituDiffusion/ChituBench/results/flux2_klein_attention/flux2_klein_attn_50step_20260613_130859/chitubench-flux2-attn-torch-sdpa-math-20260613_131212-torch_sdpa_math/results/torch_sdpa_math_glass_orchid_seed42/A_translucent_glass__torch_sdpa_math_glass_orchid_seed42.png,/home/chenyy/WORK/cyy/ChituDiffusion/ChituBench/results/flux2_klein_attention/flux2_klein_attn_50step_20260613_130859/chitubench-flux2-attn-flash-20260613_130859-origin_flash/results/origin_flash_glass_orchid_seed42/A_translucent_glass__origin_flash_glass_orchid_seed42.png,43.67611620537667,0.9984096884727478,0.9991627195267938,9.41417121887207
/home/chenyy/WORK/cyy/ChituDiffusion/ChituBench/results/flux2_klein_attention/flux2_klein_attn_50step_20260613_130859/chitubench-flux2-attn-torch-sdpa-math-20260613_131212-torch_sdpa_math,chitubench-flux2-attn-torch-sdpa-math-20260613_131212-torch_sdpa_math,torch_sdpa_math,torch_sdpa_math_glass_orchid_seed43,"A translucent glass orchid sculpture on a wet black stone table, studio macro photography, sharp caustic light, rich reflections.",43,/home/chenyy/WORK/cyy/ChituDiffusion/ChituBench/results/flux2_klein_attention/flux2_klein_attn_50step_20260613_130859/chitubench-flux2-attn-torch-sdpa-math-20260613_131212-torch_sdpa_math/results/torch_sdpa_math_glass_orchid_seed43/A_translucent_glass__torch_sdpa_math_glass_orchid_seed43.png,/home/chenyy/WORK/cyy/ChituDiffusion/ChituBench/results/flux2_klein_attention/flux2_klein_attn_50step_20260613_130859/chitubench-flux2-attn-flash-20260613_130859-origin_flash/results/origin_flash_glass_orchid_seed43/A_translucent_glass__origin_flash_glass_orchid_seed43.png,29.83169324286041,0.9842984080314636,0.9859722703695297,9.241018295288086
/home/chenyy/WORK/cyy/ChituDiffusion/ChituBench/results/flux2_klein_attention/flux2_klein_attn_50step_20260613_130859/chitubench-flux2-attn-torch-sdpa-math-20260613_131212-torch_sdpa_math,chitubench-flux2-attn-torch-sdpa-math-20260613_131212-torch_sdpa_math,torch_sdpa_math,torch_sdpa_math_glass_orchid_seed44,"A translucent glass orchid sculpture on a wet black stone table, studio macro photography, sharp caustic light, rich reflections.",44,/home/chenyy/WORK/cyy/ChituDiffusion/ChituBench/results/flux2_klein_attention/flux2_klein_attn_50step_20260613_130859/chitubench-flux2-attn-torch-sdpa-math-20260613_131212-torch_sdpa_math/results/torch_sdpa_math_glass_orchid_seed44/A_translucent_glass__torch_sdpa_math_glass_orchid_seed44.png,/home/chenyy/WORK/cyy/ChituDiffusion/ChituBench/results/flux2_klein_attention/flux2_klein_attn_50step_20260613_130859/chitubench-flux2-attn-flash-20260613_130859-origin_flash/results/origin_flash_glass_orchid_seed44/A_translucent_glass__origin_flash_glass_orchid_seed44.png,33.87708466758128,0.9917455315589905,0.9956634417176247,10.329471588134766
/home/chenyy/WORK/cyy/ChituDiffusion/ChituBench/results/flux2_klein_attention/flux2_klein_attn_50step_20260613_130859/chitubench-flux2-attn-torch-sdpa-math-20260613_131212-torch_sdpa_math,chitubench-flux2-attn-torch-sdpa-math-20260613_131212-torch_sdpa_math,torch_sdpa_math,torch_sdpa_math_night_bakery_seed42,"A cozy neon-lit bakery at midnight with a window sign that says CHITU, warm pastries, rainy street reflections, cinematic realism.",42,/home/chenyy/WORK/cyy/ChituDiffusion/ChituBench/results/flux2_klein_attention/flux2_klein_attn_50step_20260613_130859/chitubench-flux2-attn-torch-sdpa-math-20260613_131212-torch_sdpa_math/results/torch_sdpa_math_night_bakery_seed42/A_cozy_neon-lit_bake_torch_sdpa_math_night_bakery_seed42.png,/home/chenyy/WORK/cyy/ChituDiffusion/ChituBench/results/flux2_klein_attention/flux2_klein_attn_50step_20260613_130859/chitubench-flux2-attn-flash-20260613_130859-origin_flash/results/origin_flash_night_bakery_seed42/A_cozy_neon-lit_bake_origin_flash_night_bakery_seed42.png,36.93138764698168,0.9913589954376221,0.9965591120999306,15.426756858825684
/home/chenyy/WORK/cyy/ChituDiffusion/ChituBench/results/flux2_klein_attention/flux2_klein_attn_50step_20260613_130859/chitubench-flux2-attn-torch-sdpa-math-20260613_131212-torch_sdpa_math,chitubench-flux2-attn-torch-sdpa-math-20260613_131212-torch_sdpa_math,torch_sdpa_math,torch_sdpa_math_night_bakery_seed43,"A cozy neon-lit bakery at midnight with a window sign that says CHITU, warm pastries, rainy street reflections, cinematic realism.",43,/home/chenyy/WORK/cyy/ChituDiffusion/ChituBench/results/flux2_klein_attention/flux2_klein_attn_50step_20260613_130859/chitubench-flux2-attn-torch-sdpa-math-20260613_131212-torch_sdpa_math/results/torch_sdpa_math_night_bakery_seed43/A_cozy_neon-lit_bake_torch_sdpa_math_night_bakery_seed43.png,/home/chenyy/WORK/cyy/ChituDiffusion/ChituBench/results/flux2_klein_attention/flux2_klein_attn_50step_20260613_130859/chitubench-flux2-attn-flash-20260613_130859-origin_flash/results/origin_flash_night_bakery_seed43/A_cozy_neon-lit_bake_origin_flash_night_bakery_seed43.png,35.379045357317324,0.9940515160560608,0.9957618936896324,15.422558784484863
/home/chenyy/WORK/cyy/ChituDiffusion/ChituBench/results/flux2_klein_attention/flux2_klein_attn_50step_20260613_130859/chitubench-flux2-attn-torch-sdpa-math-20260613_131212-torch_sdpa_math,chitubench-flux2-attn-torch-sdpa-math-20260613_131212-torch_sdpa_math,torch_sdpa_math,torch_sdpa_math_night_bakery_seed44,"A cozy neon-lit bakery at midnight with a window sign that says CHITU, warm pastries, rainy street reflections, cinematic realism.",44,/home/chenyy/WORK/cyy/ChituDiffusion/ChituBench/results/flux2_klein_attention/flux2_klein_attn_50step_20260613_130859/chitubench-flux2-attn-torch-sdpa-math-20260613_131212-torch_sdpa_math/results/torch_sdpa_math_night_bakery_seed44/A_cozy_neon-lit_bake_torch_sdpa_math_night_bakery_seed44.png,/home/chenyy/WORK/cyy/ChituDiffusion/ChituBench/results/flux2_klein_attention/flux2_klein_attn_50step_20260613_130859/chitubench-flux2-attn-flash-20260613_130859-origin_flash/results/origin_flash_night_bakery_seed44/A_cozy_neon-lit_bake_origin_flash_night_bakery_seed44.png,31.699313843190616,0.9806821346282959,0.9876971375197172,15.55209732055664
/home/chenyy/WORK/cyy/ChituDiffusion/ChituBench/results/flux2_klein_attention/flux2_klein_attn_50step_20260613_130859/chitubench-flux2-attn-torch-sdpa-math-20260613_131212-torch_sdpa_math,chitubench-flux2-attn-torch-sdpa-math-20260613_131212-torch_sdpa_math,torch_sdpa_math,torch_sdpa_math_astronaut_kite_seed42,"A small astronaut flying a red kite on a grassy hill under a huge pastel planet, whimsical detailed illustration, soft clouds.",42,/home/chenyy/WORK/cyy/ChituDiffusion/ChituBench/results/flux2_klein_attention/flux2_klein_attn_50step_20260613_130859/chitubench-flux2-attn-torch-sdpa-math-20260613_131212-torch_sdpa_math/results/torch_sdpa_math_astronaut_kite_seed42/A_small_astronaut_fl_torch_sdpa_math_astronaut_kite_seed42.png,/home/chenyy/WORK/cyy/ChituDiffusion/ChituBench/results/flux2_klein_attention/flux2_klein_attn_50step_20260613_130859/chitubench-flux2-attn-flash-20260613_130859-origin_flash/results/origin_flash_astronaut_kite_seed42/A_small_astronaut_fl_origin_flash_astronaut_kite_seed42.png,29.7752373483374,0.9821872115135193,0.9800759702920914,11.177204132080078
/home/chenyy/WORK/cyy/ChituDiffusion/ChituBench/results/flux2_klein_attention/flux2_klein_attn_50step_20260613_130859/chitubench-flux2-attn-torch-sdpa-math-20260613_131212-torch_sdpa_math,chitubench-flux2-attn-torch-sdpa-math-20260613_131212-torch_sdpa_math,torch_sdpa_math,torch_sdpa_math_astronaut_kite_seed43,"A small astronaut flying a red kite on a grassy hill under a huge pastel planet, whimsical detailed illustration, soft clouds.",43,/home/chenyy/WORK/cyy/ChituDiffusion/ChituBench/results/flux2_klein_attention/flux2_klein_attn_50step_20260613_130859/chitubench-flux2-attn-torch-sdpa-math-20260613_131212-torch_sdpa_math/results/torch_sdpa_math_astronaut_kite_seed43/A_small_astronaut_fl_torch_sdpa_math_astronaut_kite_seed43.png,/home/chenyy/WORK/cyy/ChituDiffusion/ChituBench/results/flux2_klein_attention/flux2_klein_attn_50step_20260613_130859/chitubench-flux2-attn-flash-20260613_130859-origin_flash/results/origin_flash_astronaut_kite_seed43/A_small_astronaut_fl_origin_flash_astronaut_kite_seed43.png,40.99865428312556,0.9939658641815186,0.9964761927258223,11.12679672241211
/home/chenyy/WORK/cyy/ChituDiffusion/ChituBench/results/flux2_klein_attention/flux2_klein_attn_50step_20260613_130859/chitubench-flux2-attn-torch-sdpa-math-20260613_131212-torch_sdpa_math,chitubench-flux2-attn-torch-sdpa-math-20260613_131212-torch_sdpa_math,torch_sdpa_math,torch_sdpa_math_astronaut_kite_seed44,"A small astronaut flying a red kite on a grassy hill under a huge pastel planet, whimsical detailed illustration, soft clouds.",44,/home/chenyy/WORK/cyy/ChituDiffusion/ChituBench/results/flux2_klein_attention/flux2_klein_attn_50step_20260613_130859/chitubench-flux2-attn-torch-sdpa-math-20260613_131212-torch_sdpa_math/results/torch_sdpa_math_astronaut_kite_seed44/A_small_astronaut_fl_torch_sdpa_math_astronaut_kite_seed44.png,/home/chenyy/WORK/cyy/ChituDiffusion/ChituBench/results/flux2_klein_attention/flux2_klein_attn_50step_20260613_130859/chitubench-flux2-attn-flash-20260613_130859-origin_flash/results/origin_flash_astronaut_kite_seed44/A_small_astronaut_fl_origin_flash_astronaut_kite_seed44.png,43.145421447469175,0.9958243370056152,0.9983359195757657,12.192216873168945
